datetime,tempmax,tempmin,temp,dew,humidity,cloudcover,conditions
2023-10-23,16.6,8.3,11.7,5.2,64.8,71.3,Partially cloudy
2023-10-24,15.9,6.4,11.2,6.0,70.9,48.0,Partially cloudy
2023-10-25,24.3,11.3,16.7,10.1,67.9,50.0,Partially cloudy
2023-10-26,26.3,15.2,19.4,11.0,60.4,65.2,Partially cloudy
2023-10-27,25.6,16.4,20.0,12.1,61.6,59.2,Partially cloudy
2023-10-28,26.9,16.2,21.0,13.0,61.6,32.5,Partially cloudy
2023-10-29,16.9,8.8,11.3,6.3,72.4,93.4,"Rain, Overcast"
2023-10-30,12.1,8.4,9.9,8.9,93.4,99.9,"Rain, Overcast"
2023-10-31,9.9,4.0,6.8,-2.3,54.5,59.3,Partially cloudy
2023-11-01,7.4,3.1,5.7,-0.7,64.1,75.1,Partially cloudy
2023-11-02,8.3,0.5,4.0,-4.6,55.2,19.3,Clear
2023-11-03,12.9,2.1,7.7,-0.6,57.8,48.4,Partially cloudy
2023-11-04,15.2,8.1,10.7,4.2,65.6,77.8,Partially cloudy
2023-11-05,15.6,8.2,11.5,3.6,59.4,72.4,Partially cloudy
2023-11-06,9.5,6.4,8.2,2.1,65.7,93.3,Overcast
2023-11-07,19.0,9.0,13.8,8.6,72.6,73.9,"Rain, Partially cloudy"
2023-11-08,11.5,2.7,5.6,-5.1,46.5,50.9,Partially cloudy
2023-11-09,7.6,2.8,4.4,0.9,79.6,95.0,"Rain, Overcast"
2023-11-10,10.7,3.5,7.2,1.3,68.0,62.5,Partially cloudy
2023-11-11,9.5,0.9,6.2,-2.6,54.1,29.8,Partially cloudy
2023-11-12,5.7,-1.4,1.8,-5.6,58.4,32.2,Partially cloudy
2023-11-13,6.7,-2.9,2.1,-4.6,62.4,52.9,Partially cloudy
2023-11-14,9.4,1.6,5.0,-0.8,67.1,63.7,Partially cloudy
2023-11-15,10.1,1.2,5.5,-0.4,67.1,47.0,Partially cloudy
2023-11-16,16.9,6.2,10.4,2.6,60.7,21.3,Partially cloudy
2023-11-17,18.4,4.2,11.9,8.2,79.5,65.2,Partially cloudy
2023-11-18,13.7,1.9,9.4,5.6,78.6,63.7,"Rain, Partially cloudy"
2023-11-19,11.7,1.0,5.9,-3.0,54.3,31.0,Partially cloudy
2023-11-20,4.4,-1.8,1.9,-8.3,47.9,23.4,Partially cloudy
2023-11-21,5.1,-3.6,1.7,-5.7,57.8,61.0,Partially cloudy
2023-11-22,11.2,3.2,7.6,6.3,91.9,95.7,"Rain, Overcast"
2023-11-23,11.2,4.3,7.3,1.7,68.8,21.5,Partially cloudy
2023-11-24,9.4,-0.7,5.8,-3.5,53.0,42.9,Partially cloudy
2023-11-25,2.9,-3.4,-0.6,-12.1,41.9,32.1,Partially cloudy
2023-11-26,7.2,-2.5,3.1,-3.1,64.2,64.4,"Rain, Partially cloudy"
2023-11-27,12.2,3.7,8.6,2.9,69.3,57.0,"Rain, Partially cloudy"
2023-11-28,4.2,-0.7,2.1,-8.4,46.7,52.3,Partially cloudy
2023-11-29,2.3,-1.8,-0.1,-9.9,48.1,33.2,Partially cloudy
2023-11-30,8.0,-1.7,3.2,-5.9,52.3,54.2,Partially cloudy
2023-12-01,11.8,4.6,8.2,2.7,69.2,74.2,"Rain, Partially cloudy"
2023-12-02,10.1,6.2,8.6,6.9,89.3,97.2,"Rain, Overcast"
2023-12-03,7.8,5.9,7.0,5.7,91.5,99.7,"Rain, Overcast"
2023-12-04,8.5,3.9,6.3,4.6,89.5,91.3,"Rain, Overcast"
2023-12-05,5.5,0.0,2.7,-2.1,71.5,81.5,"Rain, Partially cloudy"
2023-12-06,1.4,-3.0,-0.8,-4.8,74.5,72.2,Partially cloudy
2023-12-07,0.5,-6.4,-2.7,-10.3,56.7,42.7,Partially cloudy
2023-12-08,5.2,-2.4,1.2,-3.7,70.2,46.6,Partially cloudy
2023-12-09,10.3,0.6,6.3,3.6,82.9,89.9,Partially cloudy
2023-12-10,16.3,6.8,12.0,10.7,91.7,97.8,"Rain, Overcast"
2023-12-11,16.7,3.3,8.1,4.2,77.2,73.3,"Rain, Partially cloudy"
2023-12-12,6.7,0.9,3.3,-5.2,54.1,13.0,Clear
2023-12-13,6.8,1.1,3.9,-5.6,51.0,18.4,Clear
2023-12-14,2.2,-2.3,-0.1,-11.2,43.6,34.2,Partially cloudy
2023-12-15,13.0,-0.1,6.4,-2.0,55.3,46.3,Partially cloudy
2023-12-16,10.2,3.9,6.6,0.5,65.8,44.3,Partially cloudy
2023-12-17,11.1,4.1,7.5,5.2,85.7,95.0,"Rain, Overcast"
2023-12-18,16.9,7.9,13.4,11.5,88.3,88.2,"Rain, Partially cloudy"
2023-12-19,8.3,2.1,5.8,-0.1,66.0,46.9,"Rain, Partially cloudy"
2023-12-20,6.8,-0.7,2.4,-5.7,57.5,11.4,Clear
2023-12-21,1.7,-3.4,0.0,-9.1,51.5,17.3,Clear
2023-12-22,1.8,-5.9,-2.4,-11.8,50.3,20.8,Partially cloudy
2023-12-23,5.6,-4.8,1.0,-4.9,65.9,68.3,Partially cloudy
2023-12-24,7.4,3.0,5.3,4.5,94.6,99.1,"Rain, Overcast"
2023-12-25,9.6,3.4,7.0,6.1,94.6,62.9,Partially cloudy
2023-12-26,8.9,2.7,4.9,4.7,98.5,89.5,Partially cloudy
2023-12-27,10.8,5.0,7.4,7.1,97.6,97.0,"Rain, Overcast"
2023-12-28,7.4,5.7,6.8,6.6,98.3,100.0,"Rain, Overcast"
2023-12-29,7.9,4.6,6.2,5.9,98.3,100.0,"Rain, Overcast"
2023-12-30,7.8,2.4,5.7,4.1,89.8,95.6,"Rain, Overcast"
2023-12-31,3.9,0.7,2.2,-3.9,64.3,93.2,Overcast
2024-01-01,3.5,-2.0,0.7,-4.9,66.5,64.8,Partially cloudy
2024-01-02,5.0,-4.7,-0.4,-7.1,62.4,8.5,Clear
2024-01-03,5.7,-1.4,2.3,-3.0,68.4,56.4,Partially cloudy
2024-01-04,7.1,-4.3,2.6,-4.8,60.1,65.7,Partially cloudy
2024-01-05,1.2,-6.2,-2.6,-11.9,49.3,28.7,Partially cloudy
2024-01-06,2.8,-1.1,1.0,-4.1,69.9,96.5,"Snow, Rain, Overcast"
2024-01-07,2.7,-4.2,-0.6,-1.2,95.6,100.0,"Snow, Rain, Overcast"
2024-01-08,2.2,-3.4,-0.9,-4.6,76.4,50.0,Partially cloudy
2024-01-09,5.7,-3.9,0.5,-1.8,84.9,66.2,"Rain, Partially cloudy"
2024-01-10,13.3,6.2,9.4,5.4,77.8,85.5,"Rain, Partially cloudy"
2024-01-11,6.7,3.9,5.4,-2.6,56.8,91.7,Overcast
2024-01-12,8.3,2.1,4.8,0.2,73.3,41.2,Partially cloudy
2024-01-13,15.1,4.4,8.4,5.8,85.0,82.2,"Rain, Partially cloudy"
2024-01-14,4.9,-2.7,1.6,-7.5,51.5,45.5,Partially cloudy
2024-01-15,0.0,-5.1,-2.3,-14.1,40.3,47.2,Partially cloudy
2024-01-16,1.0,-3.8,-2.0,-3.8,89.0,95.7,"Snow, Rain, Overcast"
2024-01-17,-2.9,-7.3,-5.3,-12.4,58.0,15.0,Clear
2024-01-18,-1.6,-7.8,-4.7,-12.1,56.2,68.8,Partially cloudy
2024-01-19,-1.6,-6.6,-3.7,-10.4,60.8,93.5,Overcast
2024-01-20,-6.6,-10.0,-8.6,-15.7,57.7,87.8,Partially cloudy
2024-01-21,-2.2,-9.4,-6.6,-15.6,50.0,40.1,Partially cloudy
2024-01-22,3.4,-7.5,-1.8,-11.5,47.8,46.3,Partially cloudy
2024-01-23,4.3,1.1,2.8,-4.8,58.4,91.7,"Snow, Rain, Overcast"
2024-01-24,3.7,0.1,1.8,1.6,98.6,100.0,"Snow, Rain, Overcast"
2024-01-25,10.2,3.7,6.9,6.1,94.6,95.0,"Rain, Overcast"
2024-01-26,5.0,3.3,4.1,3.7,97.1,100.0,"Rain, Overcast"
2024-01-27,3.9,1.8,2.6,1.6,93.2,99.3,Overcast
2024-01-28,2.9,1.2,2.2,1.5,95.1,100.0,"Snow, Rain, Overcast"
2024-01-29,2.2,0.7,1.3,-1.1,84.5,98.1,"Snow, Rain, Overcast"
2024-01-30,0.7,-3.2,-1.7,-4.9,79.0,100.0,Overcast
2024-01-31,1.6,-2.2,-0.5,-4.7,73.5,100.0,Overcast
2024-02-01,5.6,1.1,3.4,-0.2,77.8,98.7,Overcast
2024-02-02,5.7,1.9,4.1,0.9,79.6,99.8,"Snow, Rain, Overcast"
2024-02-03,3.4,-1.6,0.7,-7.1,57.6,63.8,Partially cloudy
2024-02-04,5.1,-4.5,0.1,-10.1,47.3,7.6,Clear
2024-02-05,4.4,-3.4,1.0,-12.3,38.8,30.9,Partially cloudy
2024-02-06,2.9,-1.7,0.3,-6.0,62.9,68.7,Partially cloudy
2024-02-07,4.2,-1.9,0.9,-3.4,73.6,41.8,Partially cloudy
2024-02-08,5.6,-2.5,1.4,-2.5,76.5,37.4,Partially cloudy
2024-02-09,9.0,-1.2,3.1,0.5,84.5,64.7,Partially cloudy
2024-02-10,15.1,1.8,8.0,4.4,80.2,75.1,"Rain, Partially cloudy"
2024-02-11,9.4,3.7,7.4,-0.1,59.8,80.5,Partially cloudy
2024-02-12,7.6,0.3,3.7,-2.3,65.2,54.6,Partially cloudy
2024-02-13,3.3,0.2,1.7,-2.5,75.2,85.3,"Snow, Rain, Partially cloudy"
2024-02-14,0.5,-2.8,-0.7,-11.0,47.8,24.6,Partially cloudy
2024-02-15,3.9,-3.9,-0.5,-13.2,40.4,45.5,"Snow, Rain, Partially cloudy"
2024-02-16,3.8,-1.5,1.2,-7.9,53.5,48.2,"Snow, Rain, Partially cloudy"
2024-02-17,1.8,-3.3,-0.9,-8.7,56.6,78.1,Partially cloudy
2024-02-18,2.8,-6.1,-1.6,-12.2,44.8,52.8,Partially cloudy
2024-02-19,2.4,-2.3,0.2,-13.5,37.5,17.7,Clear
2024-02-20,1.9,-6.7,-2.6,-12.6,47.1,14.2,Clear
2024-02-21,3.1,-5.6,-1.2,-6.6,67.4,43.4,Partially cloudy
2024-02-22,6.2,-4.5,0.7,-3.8,72.8,43.9,Partially cloudy
2024-02-23,5.8,2.3,3.8,0.3,77.8,100.0,"Rain, Overcast"
2024-02-24,3.9,-6.5,1.5,-5.3,64.0,63.9,Partially cloudy
2024-02-25,1.1,-8.6,-3.7,-14.5,43.1,18.5,Clear
2024-02-26,12.9,-1.6,5.4,-0.9,64.8,52.8,Partially cloudy
2024-02-27,11.1,-0.9,5.2,3.1,86.6,51.0,"Rain, Partially cloudy"
2024-02-28,13.2,8.7,11.9,10.8,93.0,99.5,"Rain, Overcast"
2024-02-29,4.3,-2.9,-0.8,-11.8,44.2,40.3,"Snow, Rain, Partially cloudy"
2024-03-01,5.8,-5.3,0.1,-10.9,43.7,37.2,Partially cloudy
2024-03-02,7.6,1.1,4.7,2.1,83.8,97.1,"Rain, Overcast"
2024-03-03,14.1,7.2,9.6,7.6,87.8,91.0,"Rain, Overcast"
2024-03-04,10.0,4.0,6.9,5.4,90.2,91.5,Overcast
2024-03-05,5.2,3.5,4.5,4.3,98.5,100.0,"Rain, Overcast"
2024-03-06,10.2,5.6,6.9,6.3,96.1,97.2,"Rain, Overcast"
2024-03-07,7.4,5.2,6.1,4.5,90.0,98.0,"Rain, Overcast"
2024-03-08,7.0,1.8,4.3,-1.4,66.8,31.6,Partially cloudy
2024-03-09,4.6,0.2,3.0,0.8,85.6,91.8,"Rain, Overcast"
2024-03-10,10.9,4.0,7.9,4.4,80.4,96.0,"Rain, Overcast"
2024-03-11,7.2,1.1,3.9,-3.6,58.4,73.9,Partially cloudy
2024-03-12,12.4,2.7,7.4,-1.8,52.4,10.4,Clear
2024-03-13,9.2,2.7,6.0,-2.0,56.7,32.3,Partially cloudy
2024-03-14,10.4,3.5,6.6,3.3,79.8,51.0,Partially cloudy
2024-03-15,6.8,4.1,5.6,4.7,94.2,98.4,"Rain, Overcast"
2024-03-16,10.2,3.5,7.3,4.0,80.3,62.7,Partially cloudy
2024-03-17,14.8,6.3,9.2,5.5,79.3,79.6,"Rain, Partially cloudy"
2024-03-18,9.9,3.3,6.6,-0.8,59.0,61.9,Partially cloudy
2024-03-19,7.8,1.6,4.3,-4.6,54.9,58.4,Partially cloudy
2024-03-20,11.6,2.2,5.6,-2.7,56.4,94.1,"Rain, Overcast"
2024-03-21,3.9,-2.1,0.7,-12.4,37.5,18.8,Clear
2024-03-22,4.4,-3.4,0.6,-15.5,30.3,44.2,Partially cloudy
2024-03-23,5.7,0.7,3.0,1.2,88.7,100.0,"Snow, Rain, Overcast"
2024-03-24,5.6,-2.8,1.2,-8.2,52.2,68.7,Partially cloudy
2024-03-25,5.1,0.6,2.9,-4.0,60.8,78.2,Partially cloudy
2024-03-26,3.9,1.8,2.9,0.0,82.1,100.0,"Rain, Overcast"
2024-03-27,8.5,3.8,5.9,4.4,90.3,98.8,"Rain, Overcast"
2024-03-28,10.6,6.5,8.4,7.9,96.8,99.9,"Rain, Overcast"
2024-03-29,10.2,3.4,6.8,0.0,67.1,92.3,"Rain, Overcast"
2024-03-30,13.8,3.9,8.4,-4.8,39.8,34.7,Partially cloudy
2024-03-31,15.0,5.9,9.3,-2.7,44.1,66.9,Partially cloudy
2024-04-01,10.0,3.5,7.0,2.3,73.0,71.8,Partially cloudy
2024-04-02,8.5,4.4,6.2,3.3,82.3,88.6,"Rain, Partially cloudy"
2024-04-03,6.3,3.4,4.7,1.9,82.3,100.0,"Rain, Overcast"
2024-04-04,3.8,1.8,2.6,1.4,92.1,99.8,"Snow, Rain, Overcast"
2024-04-05,7.8,2.2,4.7,-0.6,69.9,95.9,"Rain, Overcast"
2024-04-06,6.3,2.9,4.7,0.7,75.8,99.5,"Rain, Overcast"
2024-04-07,7.2,3.0,4.8,-0.5,69.2,84.9,Partially cloudy
2024-04-08,18.4,3.6,11.3,-2.6,41.8,41.9,Partially cloudy
2024-04-09,15.5,6.4,10.8,0.6,51.5,43.4,Partially cloudy
2024-04-10,14.2,4.5,8.9,4.2,73.7,74.1,Partially cloudy
2024-04-11,9.9,7.3,8.2,7.5,95.8,100.0,"Rain, Overcast"
2024-04-12,16.3,9.6,13.7,12.3,91.2,84.5,"Rain, Partially cloudy"
2024-04-13,12.9,8.0,10.4,3.6,64.8,73.8,"Rain, Partially cloudy"
2024-04-14,15.0,7.8,10.8,2.7,59.3,78.4,"Rain, Partially cloudy"
2024-04-15,22.3,7.9,14.2,6.0,62.3,60.6,"Rain, Partially cloudy"
2024-04-16,20.0,9.3,14.3,1.8,45.8,31.1,Partially cloudy
2024-04-17,11.8,6.2,9.1,2.1,62.1,50.0,Partially cloudy
2024-04-18,8.6,6.7,7.7,3.6,75.2,99.6,"Rain, Overcast"
2024-04-19,12.2,6.8,9.3,3.9,70.3,86.0,Partially cloudy
2024-04-20,15.0,8.9,11.0,6.1,74.0,93.0,"Rain, Overcast"
2024-04-21,11.2,4.5,8.5,-3.2,44.2,54.9,Partially cloudy
2024-04-22,13.9,4.8,8.5,-5.3,40.2,24.1,Partially cloudy
2024-04-23,15.8,3.7,9.1,1.2,61.5,25.3,Partially cloudy
2024-04-24,18.1,5.0,10.2,1.9,57.0,75.1,"Rain, Partially cloudy"
2024-04-25,10.6,1.0,5.6,-6.3,42.9,7.6,Clear
2024-04-26,10.7,2.6,7.4,-1.6,54.8,6.0,Clear
2024-04-27,15.9,3.5,10.5,0.3,51.2,47.3,Partially cloudy
2024-04-28,19.5,7.1,13.4,6.8,65.7,88.4,"Rain, Partially cloudy"
2024-04-29,20.7,10.8,14.8,9.4,71.0,69.1,Partially cloudy
2024-04-30,12.2,9.1,10.6,6.9,78.1,96.6,"Rain, Overcast"
2024-05-01,10.3,7.4,8.6,6.3,85.0,84.9,"Rain, Partially cloudy"
2024-05-02,19.4,8.4,12.1,8.6,79.9,83.3,"Rain, Partially cloudy"
2024-05-03,12.3,8.4,10.2,6.8,80.1,82.1,Partially cloudy
2024-05-04,11.6,7.9,9.7,6.3,79.6,73.7,Partially cloudy
2024-05-05,11.1,7.9,9.2,7.1,86.9,96.7,"Rain, Overcast"
2024-05-06,24.4,9.4,16.6,12.5,78.6,87.1,"Rain, Partially cloudy"
2024-05-07,20.0,15.1,17.5,9.9,61.6,43.1,Partially cloudy
2024-05-08,15.3,11.0,12.9,11.6,92.0,84.9,"Rain, Partially cloudy"
2024-05-09,16.9,9.5,12.7,8.7,77.9,77.4,Partially cloudy
2024-05-10,12.6,8.3,10.1,5.0,71.2,71.8,Partially cloudy
2024-05-11,11.5,6.3,9.1,4.7,74.0,55.0,Partially cloudy
2024-05-12,13.8,6.2,10.5,5.4,71.4,79.5,Partially cloudy
2024-05-13,17.3,9.5,14.0,7.8,67.5,64.6,Partially cloudy
2024-05-14,25.2,11.1,17.4,11.0,68.0,65.0,Partially cloudy
2024-05-15,20.9,14.2,17.3,13.5,78.9,93.5,"Rain, Overcast"
2024-05-16,15.8,12.3,13.6,11.9,89.6,93.7,"Rain, Overcast"
2024-05-17,18.2,11.0,14.4,10.3,77.3,71.5,Partially cloudy
2024-05-18,14.7,11.9,13.1,10.6,84.6,97.4,"Rain, Overcast"
2024-05-19,13.5,11.2,12.2,11.3,94.2,98.5,"Rain, Overcast"
2024-05-20,16.2,11.0,13.3,10.8,85.0,81.2,Partially cloudy
2024-05-21,29.0,11.8,19.4,14.3,74.7,69.1,Partially cloudy
2024-05-22,31.3,15.9,23.4,15.2,62.8,25.6,Partially cloudy
2024-05-23,25.1,18.2,21.6,16.9,75.0,65.1,"Rain, Partially cloudy"
2024-05-24,29.0,15.5,23.7,8.8,41.3,27.0,"Rain, Partially cloudy"
2024-05-25,21.9,14.8,18.7,8.6,52.1,42.7,Partially cloudy
2024-05-26,20.7,15.6,17.9,14.1,78.9,70.0,"Rain, Partially cloudy"
2024-05-27,23.0,15.4,18.1,16.7,91.7,99.0,"Rain, Overcast"
2024-05-28,28.2,19.0,23.2,16.7,70.2,70.5,"Rain, Partially cloudy"
2024-05-29,23.5,16.4,19.6,12.4,63.8,51.7,Partially cloudy
2024-05-30,16.4,11.7,14.0,11.5,85.0,89.9,"Rain, Partially cloudy"
2024-05-31,24.4,11.7,18.6,5.6,46.5,43.2,Partially cloudy
2024-06-01,26.8,14.0,20.3,6.4,42.7,20.9,Partially cloudy
2024-06-02,27.6,12.0,19.6,12.1,64.5,42.4,Partially cloudy
2024-06-03,24.1,15.9,20.3,12.4,61.8,55.3,Partially cloudy
2024-06-04,19.9,13.5,17.3,13.8,80.1,43.8,Partially cloudy
2024-06-05,29.5,14.8,21.8,14.6,66.3,58.4,Partially cloudy
2024-06-06,21.5,16.5,19.7,18.1,90.3,92.1,"Rain, Overcast"
2024-06-07,21.6,16.5,19.1,16.5,85.5,80.1,"Rain, Partially cloudy"
2024-06-08,23.8,15.9,20.0,11.4,59.4,52.0,"Rain, Partially cloudy"
2024-06-09,21.2,14.4,18.1,11.8,67.5,78.2,"Rain, Partially cloudy"
2024-06-10,24.8,14.9,19.6,10.3,56.2,42.1,Partially cloudy
2024-06-11,21.5,14.5,18.0,12.1,68.9,69.6,Partially cloudy
2024-06-12,23.0,15.5,19.7,14.4,72.1,70.0,Partially cloudy
2024-06-13,28.0,15.9,22.5,13.3,57.5,25.1,Partially cloudy
2024-06-14,28.7,18.8,21.8,16.8,74.3,65.5,"Rain, Partially cloudy"
2024-06-15,24.5,17.7,21.4,11.6,58.7,47.6,"Rain, Partially cloudy"
2024-06-16,19.6,13.0,17.3,7.9,54.5,41.5,Partially cloudy
2024-06-17,26.9,15.2,21.2,14.4,66.3,69.8,Partially cloudy
2024-06-18,33.4,19.7,25.8,19.3,68.0,42.4,Partially cloudy
2024-06-19,36.4,21.6,27.7,19.9,63.4,55.8,Partially cloudy
2024-06-20,35.1,20.8,28.6,20.0,60.9,69.3,"Rain, Partially cloudy"
2024-06-21,27.9,18.0,22.5,18.5,79.0,60.9,"Rain, Partially cloudy"
2024-06-22,20.2,17.3,18.5,16.9,90.7,98.6,"Rain, Overcast"
2024-06-23,30.6,16.4,22.5,19.9,86.4,88.9,"Rain, Partially cloudy"
2024-06-24,27.1,19.5,24.7,17.0,64.3,77.3,"Rain, Partially cloudy"
2024-06-25,31.7,18.3,25.1,13.8,53.3,50.3,"Rain, Partially cloudy"
2024-06-26,32.1,21.2,26.2,17.0,58.2,76.2,"Rain, Partially cloudy"
2024-06-27,29.1,19.0,23.4,15.8,66.2,65.0,"Rain, Partially cloudy"
2024-06-28,22.4,14.9,18.8,7.5,48.4,18.9,Clear
2024-06-29,23.0,16.5,19.8,13.7,68.3,89.1,"Rain, Partially cloudy"
2024-06-30,30.1,22.8,25.4,22.0,82.2,85.4,"Rain, Partially cloudy"
2024-07-01,24.3,18.5,22.3,16.0,67.8,61.9,"Rain, Partially cloudy"
2024-07-02,25.5,17.4,21.9,11.5,52.3,24.2,Partially cloudy
2024-07-03,26.7,18.5,22.8,12.9,54.4,45.0,Partially cloudy
2024-07-04,29.1,18.1,23.2,17.7,72.0,71.6,"Rain, Partially cloudy"
2024-07-05,28.2,21.3,24.0,21.8,87.8,93.3,"Rain, Overcast"
2024-07-06,26.7,23.5,24.8,22.7,88.8,98.4,"Rain, Overcast"
2024-07-07,30.6,23.0,25.6,21.3,78.0,71.9,Partially cloudy
2024-07-08,28.7,20.8,25.4,19.6,71.6,55.5,Partially cloudy
2024-07-09,31.4,22.7,27.1,22.0,74.6,73.3,"Rain, Partially cloudy"
2024-07-10,31.9,23.9,27.0,22.9,79.1,76.9,Partially cloudy
2024-07-11,31.7,24.5,27.1,21.7,73.6,72.6,"Rain, Partially cloudy"
2024-07-12,30.5,21.6,26.0,21.1,75.3,54.8,"Rain, Partially cloudy"
2024-07-13,28.0,23.5,25.3,22.7,85.8,75.0,"Rain, Partially cloudy"
2024-07-14,28.8,22.5,25.8,20.0,72.0,38.9,Partially cloudy
2024-07-15,34.2,22.5,27.2,21.3,71.6,59.5,"Rain, Partially cloudy"
2024-07-16,34.3,23.4,28.4,21.0,66.8,55.4,"Rain, Partially cloudy"
2024-07-17,31.9,24.0,27.8,20.3,64.3,65.4,"Rain, Partially cloudy"
2024-07-18,31.1,21.8,26.2,18.6,65.8,80.3,"Rain, Partially cloudy"
2024-07-19,26.0,18.8,22.6,13.7,57.8,30.2,Partially cloudy
2024-07-20,30.0,18.9,25.0,15.2,56.8,59.8,Partially cloudy
2024-07-21,31.0,20.8,24.0,17.0,66.3,70.8,Partially cloudy
2024-07-22,27.2,17.3,22.3,17.5,75.2,72.5,Partially cloudy
2024-07-23,23.4,19.1,21.6,18.8,84.6,93.0,"Rain, Overcast"
2024-07-24,20.3,18.1,19.2,17.8,91.7,97.3,"Rain, Overcast"
2024-07-25,27.7,17.3,22.6,17.9,77.5,90.1,"Rain, Overcast"
2024-07-26,29.4,18.2,23.6,12.5,51.6,37.4,Partially cloudy
2024-07-27,28.3,18.9,23.0,13.6,56.4,28.9,Partially cloudy
2024-07-28,25.4,17.0,21.0,15.6,72.6,58.2,"Rain, Partially cloudy"
2024-07-29,22.8,19.0,20.5,16.1,76.2,92.3,"Rain, Overcast"
2024-07-30,31.7,19.2,25.7,20.2,73.9,57.3,Partially cloudy
2024-07-31,29.0,21.5,24.9,21.9,83.8,81.4,"Rain, Partially cloudy"
2024-08-01,34.2,23.7,28.7,20.5,64.2,40.7,Partially cloudy
2024-08-02,30.7,23.4,26.8,20.8,70.4,56.6,"Rain, Partially cloudy"
2024-08-03,32.7,23.6,27.4,22.5,76.9,79.0,"Rain, Partially cloudy"
2024-08-04,30.1,22.5,25.3,21.3,79.8,83.2,"Rain, Partially cloudy"
2024-08-05,28.9,21.8,25.3,20.3,74.9,57.7,Partially cloudy
2024-08-06,26.1,18.4,20.9,18.0,84.2,97.3,"Rain, Overcast"
2024-08-07,20.8,15.7,17.9,14.8,82.8,80.9,"Rain, Partially cloudy"
2024-08-08,21.8,15.0,18.4,15.8,85.5,66.2,"Rain, Partially cloudy"
2024-08-09,29.4,17.9,22.7,20.8,89.4,97.9,"Rain, Overcast"
2024-08-10,31.5,23.9,26.7,19.3,67.4,65.8,"Rain, Partially cloudy"
2024-08-11,27.8,20.2,23.9,13.5,52.8,57.5,Partially cloudy
2024-08-12,25.9,17.9,21.8,13.2,59.1,46.8,"Rain, Partially cloudy"
2024-08-13,27.7,17.2,22.2,13.8,60.4,34.4,Partially cloudy
2024-08-14,26.1,18.4,22.1,15.8,68.1,29.4,Partially cloudy
2024-08-15,25.7,18.1,20.9,17.3,80.9,55.4,"Rain, Partially cloudy"
2024-08-16,22.4,18.3,19.8,17.8,88.3,85.2,"Rain, Partially cloudy"
2024-08-17,22.0,17.0,19.1,17.0,88.3,81.1,Partially cloudy
2024-08-18,20.9,18.4,19.5,17.9,90.7,98.1,"Rain, Overcast"
2024-08-19,23.8,19.1,21.2,20.1,93.0,89.1,"Rain, Partially cloudy"
2024-08-20,21.9,15.8,18.7,12.9,70.1,80.3,"Rain, Partially cloudy"
2024-08-21,23.4,13.9,18.4,11.3,64.4,41.7,"Rain, Partially cloudy"
2024-08-22,23.3,13.6,18.8,11.3,63.2,40.6,Partially cloudy
2024-08-23,27.2,15.4,21.9,11.9,55.7,23.0,Partially cloudy
2024-08-24,27.9,17.0,21.6,14.0,63.8,31.5,Partially cloudy
2024-08-25,26.1,17.5,21.8,15.4,67.8,51.6,Partially cloudy
2024-08-26,24.5,18.4,20.9,17.6,81.5,73.6,"Rain, Partially cloudy"
2024-08-27,23.7,18.0,21.1,17.7,81.4,28.2,Partially cloudy
2024-08-28,31.9,20.7,25.5,18.1,65.0,51.1,Partially cloudy
2024-08-29,20.8,15.9,18.7,12.2,66.5,49.3,Partially cloudy
2024-08-30,21.1,13.4,17.8,12.9,73.6,33.5,Partially cloudy
2024-08-31,26.2,15.6,20.6,16.2,77.3,79.0,Partially cloudy
2024-09-01,27.9,21.2,24.1,20.2,79.2,83.1,Partially cloudy
2024-09-02,24.3,17.8,21.9,13.1,59.1,55.6,Partially cloudy
2024-09-03,23.7,12.3,18.2,5.4,45.0,9.5,Clear
2024-09-04,24.8,13.9,19.8,10.0,54.7,14.5,Clear
2024-09-05,23.3,14.7,18.8,12.1,67.3,19.2,Clear
2024-09-06,22.0,16.0,18.9,16.4,85.5,81.9,Partially cloudy
2024-09-07,22.7,16.0,19.6,14.8,74.9,90.6,"Rain, Overcast"
2024-09-08,21.0,13.2,17.0,7.3,55.1,33.8,Partially cloudy
2024-09-09,24.0,13.2,18.6,7.7,50.4,31.3,Partially cloudy
2024-09-10,26.0,15.9,20.5,9.3,51.8,30.7,Partially cloudy
2024-09-11,22.7,13.1,18.3,7.7,51.7,25.4,Partially cloudy
2024-09-12,26.2,13.9,20.0,11.8,61.3,17.1,Clear
2024-09-13,28.0,16.0,21.2,14.3,66.1,34.7,Partially cloudy
2024-09-14,24.8,17.4,20.3,16.1,77.7,30.0,Partially cloudy
2024-09-15,23.5,16.2,19.2,13.9,73.2,25.7,Partially cloudy
2024-09-16,24.4,12.6,18.8,11.1,63.4,16.3,Clear
2024-09-17,25.5,13.7,19.2,12.4,68.9,54.4,Partially cloudy
2024-09-18,21.9,15.2,18.1,15.7,86.0,72.8,Partially cloudy
2024-09-19,23.2,16.7,19.4,17.1,86.7,93.7,"Rain, Overcast"
2024-09-20,18.9,16.2,17.4,15.0,86.1,99.8,"Rain, Overcast"
2024-09-21,15.8,13.9,15.0,13.6,90.9,100.0,"Rain, Overcast"
2024-09-22,18.7,13.8,15.7,12.4,81.7,94.1,"Rain, Overcast"
2024-09-23,17.9,12.7,15.3,11.7,79.5,77.9,Partially cloudy
2024-09-24,18.4,11.6,15.4,11.8,79.5,81.8,"Rain, Partially cloudy"
2024-09-25,18.0,15.3,16.4,12.3,76.4,99.0,Overcast
2024-09-26,20.8,15.6,17.5,15.7,89.4,99.4,"Rain, Overcast"
2024-09-27,26.2,17.1,19.7,14.6,75.4,75.6,Partially cloudy
2024-09-28,19.9,15.2,17.1,14.6,85.3,75.6,Partially cloudy
2024-09-29,18.5,13.7,16.1,12.7,80.4,89.0,Partially cloudy
2024-09-30,20.1,11.7,16.1,12.9,82.2,66.6,Partially cloudy
2024-10-01,18.6,13.3,16.0,12.9,82.0,84.4,Partially cloudy
2024-10-02,18.1,13.3,15.5,11.0,74.9,73.3,Partially cloudy
2024-10-03,20.2,11.9,16.1,11.9,76.9,53.6,Partially cloudy
2024-10-04,22.2,12.5,17.2,13.2,78.3,68.7,Partially cloudy
2024-10-05,21.4,13.9,16.7,12.2,75.7,55.7,"Rain, Partially cloudy"
2024-10-06,16.6,9.4,13.4,8.4,71.8,40.4,Partially cloudy
2024-10-07,15.9,11.7,13.9,11.8,86.9,95.8,"Rain, Overcast"
2024-10-08,18.7,9.8,13.9,5.6,60.9,31.9,Partially cloudy
2024-10-09,17.3,10.0,13.4,3.9,54.7,56.0,Partially cloudy
2024-10-10,15.1,8.2,11.4,3.2,58.2,51.4,Partially cloudy
2024-10-11,20.1,7.8,13.5,3.1,51.3,14.4,Clear
2024-10-12,22.2,11.6,16.8,0.6,37.4,23.4,Partially cloudy
2024-10-13,11.4,6.6,9.5,3.5,67.2,69.3,"Rain, Partially cloudy"
2024-10-14,11.5,7.6,10.4,8.8,89.6,92.5,"Rain, Overcast"
2024-10-15,12.3,5.4,8.7,1.4,61.5,35.3,Partially cloudy
2024-10-16,13.9,6.4,9.3,1.1,57.5,26.6,Partially cloudy
2024-10-17,11.9,3.2,7.9,2.0,67.2,33.8,Partially cloudy
2024-10-18,15.3,5.5,10.1,3.2,63.6,7.8,Clear
2024-10-19,19.8,5.0,12.4,4.9,62.8,8.2,Clear
2024-10-20,25.0,7.5,15.3,1.8,46.2,22.7,Partially cloudy
2024-10-21,28.0,11.2,19.3,6.8,45.8,27.6,Partially cloudy
2024-10-22,22.0,12.9,16.7,11.0,70.4,19.2,Clear
2024-10-23,25.8,10.8,17.3,11.7,74.3,31.9,Partially cloudy
